C000001,Avanish Arihant Nerurkar,Electronic City,+91 8079619332
C000002,Vishwambhar Shrirang,Bannerghatta Road,+91 6127937055
C000003,Paramjeet Padmanabhan,Bannerghatta Road,+91 7288020641
C000004,Ranajay Upanishad,Bannerghatta Road,+91 6120268474
C000005,Farhad Rewari,Electronic City,+91 6127934848
C000006,Brahmabrata Udayan,Shantinagar,+91 8917695595
C000007,Narsimha Naagesh,Bannerghatta Road,+91 7449275249
C000008,Maheepati Godambe,Electronic City,+91 8917239856
C000009,Vikranta Shaik,Shantinagar,+91 7319741044
C000010,Mareechi Sridevan,Bannerghatta Road,+91 8912698614
C000011,Chakrapani Suryanarayan,Halasuru,+91 8079635073
C000012,Suketu Pulkit,Shantinagar,+91 6127912131
C000013,Kevalkumar Subramanya,Electronic City,+91 8917829802
C000014,Shivshankar Raviprakash,Adugodi,+91 6318912630
C000015,Hans Santharam,Adugodi,+91 7395998794
C000016,Nanda Jayasurya,Shantinagar,+91 6127994673
C000017,Bhargava Somayaji,Adugodi,+91 6127983552
C000018,Ranjeet Nagi,BTM Layout,+91 6127914729
C000019,Saket Mangeshkar,Shantinagar,+91 6127974276
C000020,Pulin Malipatlolla,Koramangala,+91 6127913689
C000021,Rakesh Perumbeti,Adugodi,+91 6127928208
C000022,Samiran Suppiah,BTM Layout,+91 6127934215
C000023,Shashank Pandian,Halasuru,+91 7477244838
C000024,Gopan Vishwa,Halasuru,+91 6279862715
C000025,Aryaman Persaud,Electronic City,+91 8844657872
C000026,Arivarasu Shivani,Koramangala,+91 6249193831
C000027,Sajal Mahatapa,Koramangala,+91 7979868565
C000028,Purujit Koothrappally,BTM Layout,+91 6127931906
C000029,Janamejay Sraddha,Koramangala,+91 6127965438
C000030,Yatin Deol,Electronic City,+91 6127991296