F100011,2019-04-03,Sankara Lakshmidhar,+91 8917498235,560100,Aenean vestibulum laoreet commodo. Vestibulum magna nisla aliquam quis dui aa condimentum lobortis tellus. Nulla vel nibh arcu. Pellentesque egestas rutrum eros vel scelerisque. Sed vitae luctus velit. Donec ac maximus dolor. Ut mattisa ligula vel ultricies efficitura neque ex cursus mia ut cursus purus nunc ut odio. Ut laoreet massa eu dui facilisis facilisis.Fusce massa nibha ultrices ut ante quisa consequat mollis turpis. Ut ac rutrum tortora eu posuere purus. Aliquam erat volutpat. Phasellus augue ligulaa sollicitudin vitae euismod uta dignissim sed lectus. Nullam pharetraa felis ac egestas porttitora enim ante fermentum lacusa ut tempor sem leo suscipit augue. Cras facilisis pretium purusa sit amet vehicula tortor gravida et. Nunc pellentesque nisl diama ut vulputate est eleifend a. Sed arcu dolora pharetra a velit ida aliquam consequat eros. Nullam finibusa nisl ac porta mollisa enim diam iaculis nisla ac dignissim enim tortor eu leo. Vivamus lacinia diam eget nunc eleifenda vel sodales nunc convallis. Quisque laoreet tellus et pretium rhoncus. Pellentesque eu ultrices mauris. Morbi turpis ipsuma congue in lorem neca volutpat feugiat nibh. Integer tincidunt convallis tellus ac tristique.Maecenas vehicula quam id accumsan placerat. Sed ut orci quis lacus bibendum posuere. Pellentesque et augue ut dui tempor iaculis at non lacus. Nullam tincidunt congue eros in malesuada. Praesent vel libero eget lorem luctus elementum. Vivamus fringillaa est sed porttitor posuerea sem dolor finibus elita eget malesuada nisi eros sollicitudin lectus. Interdum et malesuada fames ac ante ipsum primis in faucibus. In in ligula sed mi rutrum vehicula. Phasellus metus tellusa egestas varius dictum sit ameta ultricies rutrum sem. Nunc scelerisque elit tellusa malesuada imperdiet mauris elementum ac. Nullam ligula turpisa ullamcorper sit amet eleifend eua ultrices sit amet dolor. Morbi enim ligulaa aliquam et dui feugiata fringilla pharetra velit.Vivamus aliquet in leo rutrum varius. Donec id ex mauris. Aenean fringilla ex elementum sem maximus semper. Morbi tincidunt sodales magnaa in porta tortor volutpat vitae. Sed odio orcia volutpat in tempus seda blandit eget mi. Morbi laoreet est nec augue rutrum imperdiet. In in maximus lacus.Duis non fringilla mi. In egestas nisi in diam malesuadaa egestas gravida tortor aliquam. Duis luctus posuere vulputate. Pellentesque consequat quam ac tempor tincidunt. Nunc facilisis libero at enim tempus varius. Quisque venenatis vestibulum duia eu tempus mi gravida eget. Maecenas id massa id arcu semper consectetur.
F100012,2019-04-20,Kaustav Rangwala,+91 6127955579,560076,Quisque imperdiet quam purus. Donec molestie est in nisi pellentesquea non rhoncus massa pulvinar. Vivamus a dolor ipsum. Curabitur et purus laciniaa rhoncus urna suscipita tempus libero. Aenean egestas sed nisi et ullamcorper. Suspendisse vehicula nisi quis scelerisque porttitor. Donec enim exa faucibus id erat egeta faucibus dictum turpis. Nam eu nisi auctora tincidunt lectus eta tristique magna. Nullam in nulla erat. Mauris vehicula ex ut purus pharetraa suscipit porta magna porta. Aenean massa tortora pulvinar a aliquam ina ullamcorper at felis. Nullam cursus neque eget est mollis aliquam. Sed feugiat sagittis lobortis. Nullam quam nisia gravida et hendrerit dictuma efficitur et nisi.Phasellus suscipit eget lacus ut egestas. Cras enim erata iaculis in feugiat quisa venenatis vel magna. Praesent sem leoa tristique sit amet bibendum ida vehicula mattis lacus. Donec libero duia facilisis et egestas ida molestie ac enim. Vivamus nibh antea elementum eleifend nulla uta vehicula rhoncus justo. Nam pellentesque lorem et rhoncus viverra. Morbi laoreet libero vel lorem ultriciesa ac feugiat leo ultrices. Quisque pellentesque mollis odio molestie imperdiet. Sed condimentum urna ut libero porttitor porta. Curabitur nec justo lobortisa tempus ligula eta ultrices magna. Duis mollis metus at diam cursusa a aliquet felis pharetra. Etiam mauris nisia efficitur sit amet mollis eua tincidunt ac nibh. Pellentesque justo duia vulputate vitae nunc ata fringilla dictum nibh. Orci varius natoque penatibus et magnis dis parturient montesa nascetur ridiculus mus.Ut vel quam ullamcorpera sodales eros ida tristique purus. Aenean fermentum risus a nulla aliquama ut blandit neque blandit. Donec efficitur commodo risus. Phasellus et lacus pharetraa commodo velit ata aliquam ante. Vestibulum ante ipsum primis in faucibus orci luctus et ultrices posuere cubilia curae; Curabitur faucibus odio justoa non euismod elit viverra quis. Donec scelerisquea odio ac facilisis dictuma tellus lorem lobortis massaa ut blandit massa odio a tortor. Cras porttitora mi ac dictum dapibusa erat urna ullamcorper turpisa et consectetur tortor ante porta libero. Donec lorem ligulaa pulvinar eget ligula quisa ullamcorper blandit magna. Donec nec ipsum a ante vulputate porta. Lorem ipsum dolor sit ameta consectetur adipiscing elit. Aenean facilisis augue magnaa quis tincidunt purus convallis in. Vivamus ullamcorper tincidunt erat tempus lacinia. Nulla id libero tincidunta gravida mauris egeta auctor augue. Pellentesque habitant morbi tristique senectus et netus et malesuada fames ac turpis egestas. Cras at nisl vitae metus lacinia consequat id eu libero.Mauris viverra auctor ligulaa id pulvinar mauris ullamcorper ac. Proin congue nibh vitae hendrerit aliquet. Nulla a urna sed augue semper tempus et a odio. Proin diam velita accumsan et auctor aca ultrices vitae magna. Nunc et arcu feugiata faucibus quam eta congue dolor. Integer facilisis arcu sit amet dolor pretium volutpat. In hac habitasse platea dictumst. Sed nec ante et est tincidunt egestas id a nulla. In at imperdiet risus. Proin porta dui sit amet tortor faucibusa a fermentum erat egestas.In ante sapiena blandit nec lectus neca blandit gravida lorem. Phasellus suscipita risus quis pretium facilisisa elit ex accumsan odioa vitae maximus urna est ut arcu. Donec in leo magna. Etiam auctor fermentum exa ut bibendum lectus. Nunc convallisa turpis vel viverra aliqueta risus ex sagittis dolora id ornare odio nisi ut lacus. Suspendisse ultrices dolor purusa eu elementum nibh ullamcorper nec. Quisque facilisis lacus vel vulputate consequat. Pellentesque venenatisa dolor ac feugiat fermentuma tellus ligula fermentum justoa in viverra risus risus sodales dolor. Pellentesque ultrices et ex nec tempus. Aliquam eu magna eu turpis gravida maximus.
F100013,2019-04-28,Mangal Sashti,+91 6127991832,560076,Suspendisse tristique sit amet augue nec iaculis. In vitae orci nisl. Maecenas in dui efficitura fringilla risus consequata placerat turpis. In non erat libero. Pellentesque commodo felis sit amet vestibulum scelerisque. Fusce ultricies arcu at erat conguea id feugiat sem mollis. In hac habitasse platea dictumst. Fusce id iaculis erata ac venenatis tortor. Donec a porta leo. Vivamus semper euismod nulla quis efficitur. Duis scelerisque tempor nisl.Nulla ligula lectusa dignissim vitae ornare eta efficitur id arcu. Praesent pellentesque erat nec risus blandit varius. Nam condimentum pharetra tellusa vitae bibendum lacus. Vestibulum ullamcorper purus at dictum sollicitudin. Suspendisse diam lorema dignissim condimentum finibus interduma accumsan sodales augue. Class aptent taciti sociosqu ad litora torquent per conubia nostraa per inceptos himenaeos. Curabitur tempor risus vel diam egestasa vitae facilisis elit eleifend. Aliquam id ornare leoa ut bibendum arcu.Cras tincidunt quam vitae ipsum posuerea sit amet interdum nunc accumsan. Nunc dictum varius ex nec laoreet. Aliquam tincidunt lorem in tellus rutrum congue. Quisque id dignissim ipsum. Nam malesuada est ipsuma ac dignissim leo accumsan sed. Pellentesque sodales rhoncus ullamcorper. Sed ultricies congue arcu ac laoreet. Donec aliqueta justo vel rutrum efficitura sem tortor egestas elita ut lobortis felis nulla et mi. Nunc quis egestas purus. Quisque pulvinar venenatis massa nec rhoncus. Quisque suscipit mi justoa a facilisis ligula tempor in. Cras nec felis vitae augue tincidunt placerat nec eget neque. Aenean convallis risus vel nisl maximusa sed ornare risus egestas.Proin at pellentesque purusa sit amet ultrices ante. Mauris accumsan libero sit amet orci rutruma vel tincidunt lorem lobortis. Nullam tincidunt interdum feugiat. Quisque finibus purus lectusa in varius ligula dignissim non. Proin posuere velit erosa at consequat metus molestie eget. Ut ornarea dui vitae sagittis facilisisa neque ipsum aliquam duia sed dapibus dolor est in mi. Cras molestie nisl vel urna vulputatea in pretium leo consectetur. Pellentesque porta eros sit amet est dapibus feugiat. Suspendisse tristique orci et sem laoreet lobortis. Nunc ut odio quis ligula ultrices scelerisque in sed nunc. Proin ut quam et metus semper rutrum. Maecenas accumsan nisi sapiena imperdiet lacinia dui interdum porta. Cras elementum dapibus lacus. Maecenas convallis blandit aliquam.In dolor lorema pellentesque porta fringilla quisa eleifend vel risus. Fusce sodales ligula ut leo maximusa quis porta neque pellentesque. Donec pellentesque massa et risus mattisa nec tincidunt est pretium. Sed est mia vestibulum in neque ida porttitor fringilla lacus. Integer iaculis tincidunt quam. Aliquam leo nibha mollis in ligula ata eleifend ornare eros. Mauris eleifend vestibulum diam. Nam tempor metus consectetur est volutpat faucibus. Aenean tempus tristique ligula. Mauris elit orcia eleifend et aliquet vitaea fermentum sed mi. Sed vel tortor ante.
F100014,2019-06-09,Himnish Maneesh,+91 6127924761,560076,Pellentesque habitant morbi tristique senectus et netus et malesuada fames ac turpis egestas. Orci varius natoque penatibus et magnis dis parturient montesa nascetur ridiculus mus. Nullam mauris ligulaa fringilla vel mollis vitaea pulvinar eu nibh. Fusce congue turpis nec condimentum eleifend. Duis id lectus quis arcu ultrices gravida ac in enim. Ut porttitor aliquam dolora vitae vestibulum urna dapibus ut. Donec libero magnaa tempor quis accumsan uta aliquam ut nulla. Duis vel elit sit amet turpis pellentesque dignissim. In aliquet augue et sagittis efficitur. Sed diam dolora vulputate nec orci vitaea gravida porta nunc. Sed in ex accumsana ultrices nisi neca auctor sapien. Sed at pretium enim.Aliquam egestas nisi nec lacus molestie ornare. Nullam a porta magna. Mauris mollis et orci vitae hendrerit. Ut molestie sed urna id luctus. Mauris elementum ipsum nisl. Cras pulvinar nisi egestas dictum aliquam. Vivamus posuere dolor id lorem imperdieta in rhoncus nibh auctor.Quisque ut dignissim eros. Integer ultricies porta sem non sodales. Phasellus in finibus enim. Vestibulum a convallis sapien. In scelerisque consequat auguea quis tempor nunc tincidunt sed. Class aptent taciti sociosqu ad litora torquent per conubia nostraa per inceptos himenaeos. Praesent nibh quama efficitur interdum tellus vela scelerisque placerat sapien. Pellentesque tempora sem in lacinia accumsana ante nisi volutpat justoa vitae placerat lorem diam eu justo. Maecenas dictum at libero a finibus. Aenean ac felis erat.Curabitur aliquam urna lorema ac semper orci luctus nec. Donec in vehicula velita quis efficitur ex. Vestibulum dictum purus id massa dictuma sed posuere nunc dignissim. Donec posuere convallis liberoa ac elementum ipsum imperdiet consequat. Etiam eget tellus et lacus suscipit fringilla. Nulla vehicula sapien sit amet erat tincidunta non accumsan velit dignissim. Sed nisi lorema hendrerit sed hendrerit interduma finibus eget felis. In bibenduma risus ut tincidunt posuerea urna turpis tempus maurisa non fermentum quam ante sit amet felis.Donec tincidunt odio id est sagittis ornare. Ut et tellus ut mauris mollis dapibus. In tortor lacusa luctus ut ligula ida pellentesque vehicula ante. Sed commodo ut sapien sed aliquam. Sed vestibulum velit id accumsan eleifend. Suspendisse non facilisis risus. Nam hendrerit pellentesque volutpat. Curabitur tempus venenatis antea non dictum libero sodales id. Morbi semper est ut turpis convallisa convallis ultrices quam vestibulum. Vivamus sed est pulvinara rhoncus diam nona ornare orci. Vivamus at elit luctusa eleifend ipsum eua euismod massa. Praesent porta tincidunt venenatis. Etiam lectus purusa fermentum a commodo aca pellentesque at tortor. Fusce vitae nibh eget sapien aliquet rutrum a eu sem. Nulla elementum rhoncus risusa quis finibus erat sollicitudin ac. Integer sit amet risus id massa consectetur vestibulum.
F100015,20219-06-15,Shesh Vishvajit Niti,+91 6000982406,560100,Pellentesque maximus dolor in aliquet dignissim. Phasellus eu turpis sed dolor vestibulum dictum a id est. In tempor ipsum auctor magna volutpata in sollicitudin est pretium. Vestibulum dapibus magna erosa ut porttitor orci faucibus id. Praesent ornare sodales vehicula. Morbi hendrerit fermentum blandit. Fusce lacinia nisi rhoncus urna convallisa vel cursus augue porttitor. Vivamus ornare magna vel tortor placerata ullamcorper dignissim purus iaculis.Etiam condimentum pretium bibendum. Mauris ut lacus ut lectus aliquam malesuada nec id odio. Cras elit ipsuma auctor vitae odio nona eleifend eleifend erat. Maecenas pulvinar iaculis lacus ac lobortis. Sed gravida id mi non faucibus. Suspendisse in scelerisque felisa nec dapibus augue. Morbi vitae cursus mauris.Nullam pellentesque dolor turpisa id cursus enim tempor ut. Morbi id mi elit. Mauris et fermentum orci. Quisque porttitor ornare dictum. Mauris malesuadaa leo a suscipit elementuma justo ex scelerisque erata non semper massa ligula id est. Nullam efficitur sapien metusa lacinia mattis arcu consectetur vitae. Aliquam mattis eu risus eu eleifend. Vestibulum placerata justo vitae malesuada malesuadaa ante nisi porttitor dolora non ultrices dolor orci in sapien. Mauris bibendum justo dolora ac elementum metus egestas a. Nunc ut felis posuerea semper ex aa hendrerit erat. Nullam quis euismod liberoa eu egestas purus.Vivamus maximus libero eget arcu maximus molestie. Integer euismod ante lectusa ut feugiat eros dapibus at. Nullam egestas arcu maurisa ut posuere urna maximus vel. Etiam odio odioa facilisis a feugiat aa sodales vel risus. Vestibulum a est enim. Sed fermentuma sapien id imperdiet tristiquea magna justo scelerisque purusa sit amet venenatis sem urna sit amet erat. Vestibulum ante ipsum primis in faucibus orci luctus et ultrices posuere cubilia curae; Nunc sagittis orci in dictum finibus. Donec ultricies sapien vel nisi vestibulum viverra. Ut suscipit placerat scelerisque. Vestibulum eu odio sit amet nibh volutpat varius at commodo sapien. Quisque finibus fringilla faucibus. Nulla pulvinar cursus dui vitae scelerisque.Nam posuere ipsum nullaa sit amet pretium leo vestibulum at. Etiam ac nulla ac lectus posuere ullamcorper a sit amet eros. Donec consectetur dictum ultricies. Cras pellentesque ipsum pulvinar sem tempus tincidunt. Nam ac ligula diam. Curabitur sollicitudin venenatis lorem at condimentum. Aliquam sit amet lacinia purus. Nam blandit fermentum dui ac gravida. Lorem ipsum dolor sit ameta consectetur adipiscing elit.
F100016,2019-06-24,Shankar Pillay,+91 6127985518,560095,Quisque imperdiet quam purus. Donec molestie est in nisi pellentesquea non rhoncus massa pulvinar. Vivamus a dolor ipsum. Curabitur et purus laciniaa rhoncus urna suscipita tempus libero. Aenean egestas sed nisi et ullamcorper. Suspendisse vehicula nisi quis scelerisque porttitor. Donec enim exa faucibus id erat egeta faucibus dictum turpis. Nam eu nisi auctora tincidunt lectus eta tristique magna. Nullam in nulla erat. Mauris vehicula ex ut purus pharetraa suscipit porta magna porta. Aenean massa tortora pulvinar a aliquam ina ullamcorper at felis. Nullam cursus neque eget est mollis aliquam. Sed feugiat sagittis lobortis. Nullam quam nisia gravida et hendrerit dictuma efficitur et nisi.Phasellus suscipit eget lacus ut egestas. Cras enim erata iaculis in feugiat quisa venenatis vel magna. Praesent sem leoa tristique sit amet bibendum ida vehicula mattis lacus. Donec libero duia facilisis et egestas ida molestie ac enim. Vivamus nibh antea elementum eleifend nulla uta vehicula rhoncus justo. Nam pellentesque lorem et rhoncus viverra. Morbi laoreet libero vel lorem ultriciesa ac feugiat leo ultrices. Quisque pellentesque mollis odio molestie imperdiet. Sed condimentum urna ut libero porttitor porta. Curabitur nec justo lobortisa tempus ligula eta ultrices magna. Duis mollis metus at diam cursusa a aliquet felis pharetra. Etiam mauris nisia efficitur sit amet mollis eua tincidunt ac nibh. Pellentesque justo duia vulputate vitae nunc ata fringilla dictum nibh. Orci varius natoque penatibus et magnis dis parturient montesa nascetur ridiculus mus.Ut vel quam ullamcorpera sodales eros ida tristique purus. Aenean fermentum risus a nulla aliquama ut blandit neque blandit. Donec efficitur commodo risus. Phasellus et lacus pharetraa commodo velit ata aliquam ante. Vestibulum ante ipsum primis in faucibus orci luctus et ultrices posuere cubilia curae; Curabitur faucibus odio justoa non euismod elit viverra quis. Donec scelerisquea odio ac facilisis dictuma tellus lorem lobortis massaa ut blandit massa odio a tortor. Cras porttitora mi ac dictum dapibusa erat urna ullamcorper turpisa et consectetur tortor ante porta libero. Donec lorem ligulaa pulvinar eget ligula quisa ullamcorper blandit magna. Donec nec ipsum a ante vulputate porta. Lorem ipsum dolor sit ameta consectetur adipiscing elit. Aenean facilisis augue magnaa quis tincidunt purus convallis in. Vivamus ullamcorper tincidunt erat tempus lacinia. Nulla id libero tincidunta gravida mauris egeta auctor augue. Pellentesque habitant morbi tristique senectus et netus et malesuada fames ac turpis egestas. Cras at nisl vitae metus lacinia consequat id eu libero.Mauris viverra auctor ligulaa id pulvinar mauris ullamcorper ac. Proin congue nibh vitae hendrerit aliquet. Nulla a urna sed augue semper tempus et a odio. Proin diam velita accumsan et auctor aca ultrices vitae magna. Nunc et arcu feugiata faucibus quam eta congue dolor. Integer facilisis arcu sit amet dolor pretium volutpat. In hac habitasse platea dictumst. Sed nec ante et est tincidunt egestas id a nulla. In at imperdiet risus. Proin porta dui sit amet tortor faucibusa a fermentum erat egestas.In ante sapiena blandit nec lectus neca blandit gravida lorem. Phasellus suscipita risus quis pretium facilisisa elit ex accumsan odioa vitae maximus urna est ut arcu. Donec in leo magna. Etiam auctor fermentum exa ut bibendum lectus. Nunc convallisa turpis vel viverra aliqueta risus ex sagittis dolora id ornare odio nisi ut lacus. Suspendisse ultrices dolor purusa eu elementum nibh ullamcorper nec. Quisque facilisis lacus vel vulputate consequat. Pellentesque venenatisa dolor ac feugiat fermentuma tellus ligula fermentum justoa in viverra risus risus sodales dolor. Pellentesque ultrices et ex nec tempus. Aliquam eu magna eu turpis gravida maximus.
F100017,2020-07-21,Sushanta Tapan,+91 7281237229,560001,Pellentesque habitant morbi tristique senectus et netus et malesuada fames ac turpis egestas. Orci varius natoque penatibus et magnis dis parturient montesa nascetur ridiculus mus. Nullam mauris ligulaa fringilla vel mollis vitaea pulvinar eu nibh. Fusce congue turpis nec condimentum eleifend. Duis id lectus quis arcu ultrices gravida ac in enim. Ut porttitor aliquam dolora vitae vestibulum urna dapibus ut. Donec libero magnaa tempor quis accumsan uta aliquam ut nulla. Duis vel elit sit amet turpis pellentesque dignissim. In aliquet augue et sagittis efficitur. Sed diam dolora vulputate nec orci vitaea gravida porta nunc. Sed in ex accumsana ultrices nisi neca auctor sapien. Sed at pretium enim.Aliquam egestas nisi nec lacus molestie ornare. Nullam a porta magna. Mauris mollis et orci vitae hendrerit. Ut molestie sed urna id luctus. Mauris elementum ipsum nisl. Cras pulvinar nisi egestas dictum aliquam. Vivamus posuere dolor id lorem imperdieta in rhoncus nibh auctor.Quisque ut dignissim eros. Integer ultricies porta sem non sodales. Phasellus in finibus enim. Vestibulum a convallis sapien. In scelerisque consequat auguea quis tempor nunc tincidunt sed. Class aptent taciti sociosqu ad litora torquent per conubia nostraa per inceptos himenaeos. Praesent nibh quama efficitur interdum tellus vela scelerisque placerat sapien. Pellentesque tempora sem in lacinia accumsana ante nisi volutpat justoa vitae placerat lorem diam eu justo. Maecenas dictum at libero a finibus. Aenean ac felis erat.Curabitur aliquam urna lorema ac semper orci luctus nec. Donec in vehicula velita quis efficitur ex. Vestibulum dictum purus id massa dictuma sed posuere nunc dignissim. Donec posuere convallis liberoa ac elementum ipsum imperdiet consequat. Etiam eget tellus et lacus suscipit fringilla. Nulla vehicula sapien sit amet erat tincidunta non accumsan velit dignissim. Sed nisi lorema hendrerit sed hendrerit interduma finibus eget felis. In bibenduma risus ut tincidunt posuerea urna turpis tempus maurisa non fermentum quam ante sit amet felis.Donec tincidunt odio id est sagittis ornare. Ut et tellus ut mauris mollis dapibus. In tortor lacusa luctus ut ligula ida pellentesque vehicula ante. Sed commodo ut sapien sed aliquam. Sed vestibulum velit id accumsan eleifend. Suspendisse non facilisis risus. Nam hendrerit pellentesque volutpat. Curabitur tempus venenatis antea non dictum libero sodales id. Morbi semper est ut turpis convallisa convallis ultrices quam vestibulum. Vivamus sed est pulvinara rhoncus diam nona ornare orci. Vivamus at elit luctusa eleifend ipsum eua euismod massa. Praesent porta tincidunt venenatis. Etiam lectus purusa fermentum a commodo aca pellentesque at tortor. Fusce vitae nibh eget sapien aliquet rutrum a eu sem. Nulla elementum rhoncus risusa quis finibus erat sollicitudin ac. Integer sit amet risus id massa consectetur vestibulum.
F100018,2020-09-02,Devak Kutty,+91 7279540993,560095,Aenean vestibulum laoreet commodo. Vestibulum magna nisla aliquam quis dui aa condimentum lobortis tellus. Nulla vel nibh arcu. Pellentesque egestas rutrum eros vel scelerisque. Sed vitae luctus velit. Donec ac maximus dolor. Ut mattisa ligula vel ultricies efficitura neque ex cursus mia ut cursus purus nunc ut odio. Ut laoreet massa eu dui facilisis facilisis.Fusce massa nibha ultrices ut ante quisa consequat mollis turpis. Ut ac rutrum tortora eu posuere purus. Aliquam erat volutpat. Phasellus augue ligulaa sollicitudin vitae euismod uta dignissim sed lectus. Nullam pharetraa felis ac egestas porttitora enim ante fermentum lacusa ut tempor sem leo suscipit augue. Cras facilisis pretium purusa sit amet vehicula tortor gravida et. Nunc pellentesque nisl diama ut vulputate est eleifend a. Sed arcu dolora pharetra a velit ida aliquam consequat eros. Nullam finibusa nisl ac porta mollisa enim diam iaculis nisla ac dignissim enim tortor eu leo. Vivamus lacinia diam eget nunc eleifenda vel sodales nunc convallis. Quisque laoreet tellus et pretium rhoncus. Pellentesque eu ultrices mauris. Morbi turpis ipsuma congue in lorem neca volutpat feugiat nibh. Integer tincidunt convallis tellus ac tristique.Maecenas vehicula quam id accumsan placerat. Sed ut orci quis lacus bibendum posuere. Pellentesque et augue ut dui tempor iaculis at non lacus. Nullam tincidunt congue eros in malesuada. Praesent vel libero eget lorem luctus elementum. Vivamus fringillaa est sed porttitor posuerea sem dolor finibus elita eget malesuada nisi eros sollicitudin lectus. Interdum et malesuada fames ac ante ipsum primis in faucibus. In in ligula sed mi rutrum vehicula. Phasellus metus tellusa egestas varius dictum sit ameta ultricies rutrum sem. Nunc scelerisque elit tellusa malesuada imperdiet mauris elementum ac. Nullam ligula turpisa ullamcorper sit amet eleifend eua ultrices sit amet dolor. Morbi enim ligulaa aliquam et dui feugiata fringilla pharetra velit.Vivamus aliquet in leo rutrum varius. Donec id ex mauris. Aenean fringilla ex elementum sem maximus semper. Morbi tincidunt sodales magnaa in porta tortor volutpat vitae. Sed odio orcia volutpat in tempus seda blandit eget mi. Morbi laoreet est nec augue rutrum imperdiet. In in maximus lacus.Duis non fringilla mi. In egestas nisi in diam malesuadaa egestas gravida tortor aliquam. Duis luctus posuere vulputate. Pellentesque consequat quam ac tempor tincidunt. Nunc facilisis libero at enim tempus varius. Quisque venenatis vestibulum duia eu tempus mi gravida eget. Maecenas id massa id arcu semper consectetur.
F100019,2020-09-07,Nachiketa Kunderan,+91 6127942013,560095,Quisque imperdiet quam purus. Donec molestie est in nisi pellentesquea non rhoncus massa pulvinar. Vivamus a dolor ipsum. Curabitur et purus laciniaa rhoncus urna suscipita tempus libero. Aenean egestas sed nisi et ullamcorper. Suspendisse vehicula nisi quis scelerisque porttitor. Donec enim exa faucibus id erat egeta faucibus dictum turpis. Nam eu nisi auctora tincidunt lectus eta tristique magna. Nullam in nulla erat. Mauris vehicula ex ut purus pharetraa suscipit porta magna porta. Aenean massa tortora pulvinar a aliquam ina ullamcorper at felis. Nullam cursus neque eget est mollis aliquam. Sed feugiat sagittis lobortis. Nullam quam nisia gravida et hendrerit dictuma efficitur et nisi.Phasellus suscipit eget lacus ut egestas. Cras enim erata iaculis in feugiat quisa venenatis vel magna. Praesent sem leoa tristique sit amet bibendum ida vehicula mattis lacus. Donec libero duia facilisis et egestas ida molestie ac enim. Vivamus nibh antea elementum eleifend nulla uta vehicula rhoncus justo. Nam pellentesque lorem et rhoncus viverra. Morbi laoreet libero vel lorem ultriciesa ac feugiat leo ultrices. Quisque pellentesque mollis odio molestie imperdiet. Sed condimentum urna ut libero porttitor porta. Curabitur nec justo lobortisa tempus ligula eta ultrices magna. Duis mollis metus at diam cursusa a aliquet felis pharetra. Etiam mauris nisia efficitur sit amet mollis eua tincidunt ac nibh. Pellentesque justo duia vulputate vitae nunc ata fringilla dictum nibh. Orci varius natoque penatibus et magnis dis parturient montesa nascetur ridiculus mus.Ut vel quam ullamcorpera sodales eros ida tristique purus. Aenean fermentum risus a nulla aliquama ut blandit neque blandit. Donec efficitur commodo risus. Phasellus et lacus pharetraa commodo velit ata aliquam ante. Vestibulum ante ipsum primis in faucibus orci luctus et ultrices posuere cubilia curae; Curabitur faucibus odio justoa non euismod elit viverra quis. Donec scelerisquea odio ac facilisis dictuma tellus lorem lobortis massaa ut blandit massa odio a tortor. Cras porttitora mi ac dictum dapibusa erat urna ullamcorper turpisa et consectetur tortor ante porta libero. Donec lorem ligulaa pulvinar eget ligula quisa ullamcorper blandit magna. Donec nec ipsum a ante vulputate porta. Lorem ipsum dolor sit ameta consectetur adipiscing elit. Aenean facilisis augue magnaa quis tincidunt purus convallis in. Vivamus ullamcorper tincidunt erat tempus lacinia. Nulla id libero tincidunta gravida mauris egeta auctor augue. Pellentesque habitant morbi tristique senectus et netus et malesuada fames ac turpis egestas. Cras at nisl vitae metus lacinia consequat id eu libero.Mauris viverra auctor ligulaa id pulvinar mauris ullamcorper ac. Proin congue nibh vitae hendrerit aliquet. Nulla a urna sed augue semper tempus et a odio. Proin diam velita accumsan et auctor aca ultrices vitae magna. Nunc et arcu feugiata faucibus quam eta congue dolor. Integer facilisis arcu sit amet dolor pretium volutpat. In hac habitasse platea dictumst. Sed nec ante et est tincidunt egestas id a nulla. In at imperdiet risus. Proin porta dui sit amet tortor faucibusa a fermentum erat egestas.In ante sapiena blandit nec lectus neca blandit gravida lorem. Phasellus suscipita risus quis pretium facilisisa elit ex accumsan odioa vitae maximus urna est ut arcu. Donec in leo magna. Etiam auctor fermentum exa ut bibendum lectus. Nunc convallisa turpis vel viverra aliqueta risus ex sagittis dolora id ornare odio nisi ut lacus. Suspendisse ultrices dolor purusa eu elementum nibh ullamcorper nec. Quisque facilisis lacus vel vulputate consequat. Pellentesque venenatisa dolor ac feugiat fermentuma tellus ligula fermentum justoa in viverra risus risus sodales dolor. Pellentesque ultrices et ex nec tempus. Aliquam eu magna eu turpis gravida maximus.
F100020,2020-09-16,Abhimoda Gadde,+91 6127985415,560001,Morbi orci dolora fermentum ac lectus egestasa dapibus efficitur velit. Mauris in tortor bibenduma tempus mi egeta faucibus sapien. Sed non odio imperdieta condimentum mi aca finibus leo. Vestibulum mi nisla scelerisque non luctus egeta blandit id lectus. Interdum et malesuada fames ac ante ipsum primis in faucibus. Curabitur ultrices vulputate nulla. Pellentesque mollis sollicitudin sagittis. Maecenas pretium enim ipsuma ut accumsan erat luctus sit amet. Mauris ex enima scelerisque a suscipit placerata vulputate vestibulum sem. Donec cursusa mi non feugiat placerata sem leo tempus nisla et pharetra metus mi vitae lacus. Nullam non enim vel libero pulvinar viverra. Aenean in condimentum quama vel pharetra nibh. Proin lobortis eros vel risus eleifend eleifend. Fusce sed sollicitudin lorema sollicitudin egestas diam. Fusce blandit congue justoa sit amet mollis ex ultrices in. Integer augue risusa ornare placerat lacus ata volutpat bibendum mauris.Sed tincidunt eros eu ipsum accumsana eu molestie nulla vulputate. Cras semper aliquet ipsuma ut dignissim arcu rutrum non. Curabitur venenatis elit vitae suscipit sagittis. Etiam luctus tortor sit amet aliquam mollis. In faucibus diam quis mi pellentesquea eget auctor dui tincidunt. Duis pharetra non risus quis sollicitudin. Quisque id lobortis lectus. Vestibulum luctusa tellus id dictum posuerea libero lorem iaculis esta ut eleifend leo odio sit amet nunc. Donec sapien nequea rutrum ut nisl vitaea hendrerit tempus purus. Pellentesque consectetur ex nullaa in euismod libero varius id. Fusce sodales hendrerit maximus. Proin nec blandit risus. Duis tristique vulputate nisl. Nunc placerata arcu a eleifend molestiea ante nibh interdum mia vel imperdiet massa ante nec leo. Aliquam erat volutpat.Nulla facilisi. Ut mattis tincidunt turpisa nec ullamcorper metus. Interdum et malesuada fames ac ante ipsum primis in faucibus. Nunc porta tortor eget risus portaa et egestas erat sodales. Suspendisse mattis sit amet odio vel tempor. Etiam purus orcia finibus eu egestas neca pretium et lacus. Nulla convallis nec odio ut ullamcorper. Cras et imperdiet lorem. Donec ac ex justo. Sed a nunc tortor.Donec quis nisl et risus fermentum tincidunt. Phasellus interdum nisl lacusa a pharetra eros efficitur eu. Morbi malesuada dolor ipsuma sit amet rutrum magna fermentum a. Nullam congue suscipit ipsuma at egestas ipsum ornare in. Aliquam eu diam vel ex egestas lacinia. Nam eget fringilla justoa non dignissim ligula. Morbi dictum bibendum duia nec vehicula mauris placerat sit amet. Maecenas ligula duia congue vel arcu eua commodo convallis massa. Vivamus vitae nisl fringillaa fermentum tellus eua elementum orci. Sed tristique sem sed nunc vestibuluma ac tincidunt mi bibendum.Donec varius varius risus in dignissim. Aliquam urna ipsuma lobortis at hendrerit neca mollis ut enim. Mauris nisl lorema mollis sed elementum nona tincidunt sed sapien. Sed imperdiet nunc sed mi sagittisa id vulputate eros vulputate. Aliquam suscipit erat ut tempus finibus. Nulla facilisi. Nullam finibusa nunc eu suscipit ultricesa eros purus pharetra lorema eu suscipit nisi dui quis erat. Maecenas semper sit amet nisl nec laoreet. Integer enim massaa mattis id leo neca tincidunt commodo dolor. Cras tempor quam eget euismod blandit. Mauris vel dolor a tortor scelerisque dictum. Duis suscipit orci eget orci viverra egestas. Curabitur quis venenatis nisl. Nulla turpis duia viverra nec ipsum seda imperdiet sodales mi.
F100021,2020-12-02,Vikesh Meenakshi,+91 8910925718,560002,Curabitur ornare vitae lorem sit amet bibendum. Sed accumsan dui auguea nec ultricies quam bibendum quis. Pellentesque dignissim massa nec ipsum laoreet sagittis. Aenean ac velit a justo dictum tristique. Suspendisse facilisis cursus velit at elementum. Vivamus tincidunt risus at sapien tincidunta eget gravida enim fringilla. Fusce auctor ac lacus ut ornare. Donec dapibus quam nisia ut hendrerit erat mollis vitae.Pellentesque a metus non purus volutpat congue ac aliquam arcu. Phasellus ornare magna diama at blandit libero imperdiet in. Nulla facilisi. Curabitur scelerisque purus nec sapien vestibuluma vitae faucibus ex viverra. Integer imperdiet vehicula congue. Morbi a euismod orci. Vestibulum a sapien porttitora dapibus leo uta scelerisque justo. Ut sed finibus ipsum. Sed elementum auctor diam. Nam placerat finibus eros id tempor. Vivamus augue erata lacinia sed feugiat sit ameta fermentum ut orci. Maecenas interdum elementum justoa et condimentum dolor gravida posuere. Suspendisse a nunc quam. Suspendisse in sapien imperdiet nisi tincidunt tincidunt in eget turpis.Curabitur mollis vel nulla sit amet porttitor. Vestibulum pellentesque rutrum dignissim. Phasellus tortor nullaa varius at dui aa molestie accumsan turpis. Mauris ante sapiena placerat ut ullamcorper ina efficitur sed ipsum. Phasellus eros odioa tincidunt posuere felis quisa ultrices hendrerit dolor. Mauris sit amet vehicula arcua vitae feugiat ipsum. Aliquam ipsum sapiena euismod sed lectus neca ultricies lacinia nisi. Duis felis nibha venenatis nec feugiat ina sodales quis felis. Aliquam venenatis felis sit amet lectus eleifend viverra. Proin et vestibulum nunc. Nulla aliqueta justo nec porttitor mollisa metus tortor mollis erosa et commodo purus dui eu urna. Sed eleifend mattis varius. Phasellus lacinia tellus at lorem faucibus convallis.Curabitur ex esta euismod eu purus seda ornare sagittis neque. Nulla nec fermentum nisi. Duis id purus blandita feugiat diam egeta tempor lectus. Sed imperdiet est laciniaa accumsan ligula maximusa sollicitudin dui. Nulla sit amet consequat quama vel iaculis urna. Sed velit ipsuma dictum dictum neque nona posuere pretium ligula. Donec consectetur euismod arcu vel vehicula. Pellentesque et nibh eu elit condimentum feugiat eget nec arcu. Vestibulum ante ipsum primis in faucibus orci luctus et ultrices posuere cubilia curae; Nulla feugiat felis vel accumsan lacinia.Nulla scelerisque iaculis nibh non volutpat. Nulla cursus id velit sed sodales. Nam id finibus magna. Fusce auctor facilisis nisia ut ornare mauris scelerisque vitae. Fusce erat magnaa pharetra eu diam aa tempus pretium ipsum. Etiam arcu nibha malesuada eget dictum tincidunta faucibus et orci. Donec scelerisque vulputate velita sit amet hendrerit mi lacinia sit amet. In hac habitasse platea dictumst. Phasellus ac cursus massa
F100022,2020-12-08,Shatrughan Prudvi,+91 8167594007,560083,Aenean vestibulum laoreet commodo. Vestibulum magna nisla aliquam quis dui aa condimentum lobortis tellus. Nulla vel nibh arcu. Pellentesque egestas rutrum eros vel scelerisque. Sed vitae luctus velit. Donec ac maximus dolor. Ut mattisa ligula vel ultricies efficitura neque ex cursus mia ut cursus purus nunc ut odio. Ut laoreet massa eu dui facilisis facilisis.Fusce massa nibha ultrices ut ante quisa consequat mollis turpis. Ut ac rutrum tortora eu posuere purus. Aliquam erat volutpat. Phasellus augue ligulaa sollicitudin vitae euismod uta dignissim sed lectus. Nullam pharetraa felis ac egestas porttitora enim ante fermentum lacusa ut tempor sem leo suscipit augue. Cras facilisis pretium purusa sit amet vehicula tortor gravida et. Nunc pellentesque nisl diama ut vulputate est eleifend a. Sed arcu dolora pharetra a velit ida aliquam consequat eros. Nullam finibusa nisl ac porta mollisa enim diam iaculis nisla ac dignissim enim tortor eu leo. Vivamus lacinia diam eget nunc eleifenda vel sodales nunc convallis. Quisque laoreet tellus et pretium rhoncus. Pellentesque eu ultrices mauris. Morbi turpis ipsuma congue in lorem neca volutpat feugiat nibh. Integer tincidunt convallis tellus ac tristique.Maecenas vehicula quam id accumsan placerat. Sed ut orci quis lacus bibendum posuere. Pellentesque et augue ut dui tempor iaculis at non lacus. Nullam tincidunt congue eros in malesuada. Praesent vel libero eget lorem luctus elementum. Vivamus fringillaa est sed porttitor posuerea sem dolor finibus elita eget malesuada nisi eros sollicitudin lectus. Interdum et malesuada fames ac ante ipsum primis in faucibus. In in ligula sed mi rutrum vehicula. Phasellus metus tellusa egestas varius dictum sit ameta ultricies rutrum sem. Nunc scelerisque elit tellusa malesuada imperdiet mauris elementum ac. Nullam ligula turpisa ullamcorper sit amet eleifend eua ultrices sit amet dolor. Morbi enim ligulaa aliquam et dui feugiata fringilla pharetra velit.Vivamus aliquet in leo rutrum varius. Donec id ex mauris. Aenean fringilla ex elementum sem maximus semper. Morbi tincidunt sodales magnaa in porta tortor volutpat vitae. Sed odio orcia volutpat in tempus seda blandit eget mi. Morbi laoreet est nec augue rutrum imperdiet. In in maximus lacus.Duis non fringilla mi. In egestas nisi in diam malesuadaa egestas gravida tortor aliquam. Duis luctus posuere vulputate. Pellentesque consequat quam ac tempor tincidunt. Nunc facilisis libero at enim tempus varius. Quisque venenatis vestibulum duia eu tempus mi gravida eget. Maecenas id massa id arcu semper consectetur.
F100023,2021-01-15,Shishupal Kallianpur,+91 8841442337,560083,Curabitur ornare vitae lorem sit amet bibendum. Sed accumsan dui auguea nec ultricies quam bibendum quis. Pellentesque dignissim massa nec ipsum laoreet sagittis. Aenean ac velit a justo dictum tristique. Suspendisse facilisis cursus velit at elementum. Vivamus tincidunt risus at sapien tincidunta eget gravida enim fringilla. Fusce auctor ac lacus ut ornare. Donec dapibus quam nisia ut hendrerit erat mollis vitae.Pellentesque a metus non purus volutpat congue ac aliquam arcu. Phasellus ornare magna diama at blandit libero imperdiet in. Nulla facilisi. Curabitur scelerisque purus nec sapien vestibuluma vitae faucibus ex viverra. Integer imperdiet vehicula congue. Morbi a euismod orci. Vestibulum a sapien porttitora dapibus leo uta scelerisque justo. Ut sed finibus ipsum. Sed elementum auctor diam. Nam placerat finibus eros id tempor. Vivamus augue erata lacinia sed feugiat sit ameta fermentum ut orci. Maecenas interdum elementum justoa et condimentum dolor gravida posuere. Suspendisse a nunc quam. Suspendisse in sapien imperdiet nisi tincidunt tincidunt in eget turpis.Curabitur mollis vel nulla sit amet porttitor. Vestibulum pellentesque rutrum dignissim. Phasellus tortor nullaa varius at dui aa molestie accumsan turpis. Mauris ante sapiena placerat ut ullamcorper ina efficitur sed ipsum. Phasellus eros odioa tincidunt posuere felis quisa ultrices hendrerit dolor. Mauris sit amet vehicula arcua vitae feugiat ipsum. Aliquam ipsum sapiena euismod sed lectus neca ultricies lacinia nisi. Duis felis nibha venenatis nec feugiat ina sodales quis felis. Aliquam venenatis felis sit amet lectus eleifend viverra. Proin et vestibulum nunc. Nulla aliqueta justo nec porttitor mollisa metus tortor mollis erosa et commodo purus dui eu urna. Sed eleifend mattis varius. Phasellus lacinia tellus at lorem faucibus convallis.Curabitur ex esta euismod eu purus seda ornare sagittis neque. Nulla nec fermentum nisi. Duis id purus blandita feugiat diam egeta tempor lectus. Sed imperdiet est laciniaa accumsan ligula maximusa sollicitudin dui. Nulla sit amet consequat quama vel iaculis urna. Sed velit ipsuma dictum dictum neque nona posuere pretium ligula. Donec consectetur euismod arcu vel vehicula. Pellentesque et nibh eu elit condimentum feugiat eget nec arcu. Vestibulum ante ipsum primis in faucibus orci luctus et ultrices posuere cubilia curae; Nulla feugiat felis vel accumsan lacinia.Nulla scelerisque iaculis nibh non volutpat. Nulla cursus id velit sed sodales. Nam id finibus magna. Fusce auctor facilisis nisia ut ornare mauris scelerisque vitae. Fusce erat magnaa pharetra eu diam aa tempus pretium ipsum. Etiam arcu nibha malesuada eget dictum tincidunta faucibus et orci. Donec scelerisque vulputate velita sit amet hendrerit mi lacinia sit amet. In hac habitasse platea dictumst. Phasellus ac cursus massa
F100024,2021-04-27,Shantimay Madhana,+91 8168346027,560001,Suspendisse tristique sit amet augue nec iaculis. In vitae orci nisl. Maecenas in dui efficitura fringilla risus consequata placerat turpis. In non erat libero. Pellentesque commodo felis sit amet vestibulum scelerisque. Fusce ultricies arcu at erat conguea id feugiat sem mollis. In hac habitasse platea dictumst. Fusce id iaculis erata ac venenatis tortor. Donec a porta leo. Vivamus semper euismod nulla quis efficitur. Duis scelerisque tempor nisl.Nulla ligula lectusa dignissim vitae ornare eta efficitur id arcu. Praesent pellentesque erat nec risus blandit varius. Nam condimentum pharetra tellusa vitae bibendum lacus. Vestibulum ullamcorper purus at dictum sollicitudin. Suspendisse diam lorema dignissim condimentum finibus interduma accumsan sodales augue. Class aptent taciti sociosqu ad litora torquent per conubia nostraa per inceptos himenaeos. Curabitur tempor risus vel diam egestasa vitae facilisis elit eleifend. Aliquam id ornare leoa ut bibendum arcu.Cras tincidunt quam vitae ipsum posuerea sit amet interdum nunc accumsan. Nunc dictum varius ex nec laoreet. Aliquam tincidunt lorem in tellus rutrum congue. Quisque id dignissim ipsum. Nam malesuada est ipsuma ac dignissim leo accumsan sed. Pellentesque sodales rhoncus ullamcorper. Sed ultricies congue arcu ac laoreet. Donec aliqueta justo vel rutrum efficitura sem tortor egestas elita ut lobortis felis nulla et mi. Nunc quis egestas purus. Quisque pulvinar venenatis massa nec rhoncus. Quisque suscipit mi justoa a facilisis ligula tempor in. Cras nec felis vitae augue tincidunt placerat nec eget neque. Aenean convallis risus vel nisl maximusa sed ornare risus egestas.Proin at pellentesque purusa sit amet ultrices ante. Mauris accumsan libero sit amet orci rutruma vel tincidunt lorem lobortis. Nullam tincidunt interdum feugiat. Quisque finibus purus lectusa in varius ligula dignissim non. Proin posuere velit erosa at consequat metus molestie eget. Ut ornarea dui vitae sagittis facilisisa neque ipsum aliquam duia sed dapibus dolor est in mi. Cras molestie nisl vel urna vulputatea in pretium leo consectetur. Pellentesque porta eros sit amet est dapibus feugiat. Suspendisse tristique orci et sem laoreet lobortis. Nunc ut odio quis ligula ultrices scelerisque in sed nunc. Proin ut quam et metus semper rutrum. Maecenas accumsan nisi sapiena imperdiet lacinia dui interdum porta. Cras elementum dapibus lacus. Maecenas convallis blandit aliquam.In dolor lorema pellentesque porta fringilla quisa eleifend vel risus. Fusce sodales ligula ut leo maximusa quis porta neque pellentesque. Donec pellentesque massa et risus mattisa nec tincidunt est pretium. Sed est mia vestibulum in neque ida porttitor fringilla lacus. Integer iaculis tincidunt quam. Aliquam leo nibha mollis in ligula ata eleifend ornare eros. Mauris eleifend vestibulum diam. Nam tempor metus consectetur est volutpat faucibus. Aenean tempus tristique ligula. Mauris elit orcia eleifend et aliquet vitaea fermentum sed mi. Sed vel tortor ante.
F100025,2021-05-11,Yasir Gavaskar Prabhat,+91 6127985384,560083,Nulla laoreet libero purusa ut vestibulum ligula laoreet id. Vivamus id venenatis orci. Curabitur et erat id massa volutpat venenatis vitae sed leo. Integer pretium sed metus in egestas. Lorem ipsum dolor sit ameta consectetur adipiscing elit. Pellentesque magna ligulaa gravida id libero eta convallis mattis leo. Nullam sed pharetra sapien. Fusce mollisa nisi vitae venenatis gravidaa nulla arcu egestas nullaa eget ornare est neque nec sem. Nulla orci ligulaa consequat ac accumsan ata rutrum sed nisi. Integer eget eros porttitora ornare odio eta efficitur metus. Integer dapibus risus eget molestie luctus. Nullam elit velita ornare eu tempus eua scelerisque vitae justo. Aenean fringilla eleifend antea a porttitor quam sodales in. In velit mia sodales a consectetur ina fermentum at turpis. Pellentesque maximus faucibus malesuada. Nulla consectetur nulla eget ante semper congue.Pellentesque aliquet tincidunt elit et ultricies. Donec vitae mi dignissima varius mi ina porttitor enim. Vivamus condimentum porttitor ante vitae varius. Etiam ultrices urna non purus tempor mattis. Mauris vestibulum vitae neque ut molestie. Cras eget fermentum enim. Suspendisse condimentum quam id enim convallis interdum. Fusce tincidunt pulvinar consectetur. Pellentesque porta mi non risus aliquet egestas. Vestibulum sodalesa nisl vitae luctus condimentuma lorem velit ornare sema ac ultricies velit enim faucibus elit. Suspendisse ut finibus ipsum. Nulla at blandit turpis. Vivamus ut rutrum ipsum. Ut sollicitudin non turpis ac varius.Vestibulum ante ipsum primis in faucibus orci luctus et ultrices posuere cubilia curae; In vestibulum nisl erosa nec iaculis nisi maximus sit amet. Etiam pulvinar a leo porta venenatis. Phasellus efficitur molestie venenatis. Cras sed ultricies libero. Duis nec convallis purusa eu rhoncus erat. Pellentesque sit amet sem sed nisi posuere pretium a nec ipsum. Integer eget dictum purusa vitae scelerisque mi. In nec ligula fringillaa hendrerit mauris aca interdum erat. Nam venenatis viverra dictum. Aenean eget est suscipita dictum urna uta ornare erat.Proin erat felisa fermentum lobortis tempor ina sollicitudin non eros. Praesent fermentum odio non justo fermentum fringilla ut in sem. Sed non lectus non dolor rhoncus cursus in at massa. Aliquam eget posuere nunca eget venenatis risus. Morbi blandita nibh sed luctus malesuadaa nisl eros imperdiet odioa vitae convallis mauris tortor et elit. Duis ex diama maximus nec commodo sit ameta varius sit amet magna. Sed vitae lectus non nisl fermentum bibendum. Donec vitae nibh eu arcu finibus mollis ac in tellus. Ut eu velit laoreeta scelerisque lacus sit ameta aliquet nibh. Nullam mauris diama rhoncus in nisi seda vehicula malesuada dui. Nullam varius ligula sed scelerisque elementum. Proin convallis est ac cursus tempor. Duis nec congue risus. Donec at tempus enim. Suspendisse pellentesque arcu quis quam eleifenda vitae malesuada dui pretium.Cras a felis velit. Sed feugiat pharetra rhoncus. Sed in dui vitae leo convallis pharetra at eu justo. Phasellus ultricies ultrices quama quis molestie sem vulputate ac. Pellentesque non tellus vel nisi pharetra tincidunt eget at lectus. Duis dapibus urna et varius egestas. Mauris rutruma odio in luctus gravidaa tortor purus lacinia velita quis rutrum nulla sem at turpis. Vestibulum nec ante tristiquea elementum nisl egeta posuere odio. Nulla vel lobortis tellusa eu blandit augue. In pulvinar sit amet sapien non congue. Cras ut massa bibenduma commodo diam sit ameta eleifend justo.
F100026,2021-05-27,Pritam Surekha,+91 7390758324,560030,Morbi orci dolora fermentum ac lectus egestasa dapibus efficitur velit. Mauris in tortor bibenduma tempus mi egeta faucibus sapien. Sed non odio imperdieta condimentum mi aca finibus leo. Vestibulum mi nisla scelerisque non luctus egeta blandit id lectus. Interdum et malesuada fames ac ante ipsum primis in faucibus. Curabitur ultrices vulputate nulla. Pellentesque mollis sollicitudin sagittis. Maecenas pretium enim ipsuma ut accumsan erat luctus sit amet. Mauris ex enima scelerisque a suscipit placerata vulputate vestibulum sem. Donec cursusa mi non feugiat placerata sem leo tempus nisla et pharetra metus mi vitae lacus. Nullam non enim vel libero pulvinar viverra. Aenean in condimentum quama vel pharetra nibh. Proin lobortis eros vel risus eleifend eleifend. Fusce sed sollicitudin lorema sollicitudin egestas diam. Fusce blandit congue justoa sit amet mollis ex ultrices in. Integer augue risusa ornare placerat lacus ata volutpat bibendum mauris.Sed tincidunt eros eu ipsum accumsana eu molestie nulla vulputate. Cras semper aliquet ipsuma ut dignissim arcu rutrum non. Curabitur venenatis elit vitae suscipit sagittis. Etiam luctus tortor sit amet aliquam mollis. In faucibus diam quis mi pellentesquea eget auctor dui tincidunt. Duis pharetra non risus quis sollicitudin. Quisque id lobortis lectus. Vestibulum luctusa tellus id dictum posuerea libero lorem iaculis esta ut eleifend leo odio sit amet nunc. Donec sapien nequea rutrum ut nisl vitaea hendrerit tempus purus. Pellentesque consectetur ex nullaa in euismod libero varius id. Fusce sodales hendrerit maximus. Proin nec blandit risus. Duis tristique vulputate nisl. Nunc placerata arcu a eleifend molestiea ante nibh interdum mia vel imperdiet massa ante nec leo. Aliquam erat volutpat.Nulla facilisi. Ut mattis tincidunt turpisa nec ullamcorper metus. Interdum et malesuada fames ac ante ipsum primis in faucibus. Nunc porta tortor eget risus portaa et egestas erat sodales. Suspendisse mattis sit amet odio vel tempor. Etiam purus orcia finibus eu egestas neca pretium et lacus. Nulla convallis nec odio ut ullamcorper. Cras et imperdiet lorem. Donec ac ex justo. Sed a nunc tortor.Donec quis nisl et risus fermentum tincidunt. Phasellus interdum nisl lacusa a pharetra eros efficitur eu. Morbi malesuada dolor ipsuma sit amet rutrum magna fermentum a. Nullam congue suscipit ipsuma at egestas ipsum ornare in. Aliquam eu diam vel ex egestas lacinia. Nam eget fringilla justoa non dignissim ligula. Morbi dictum bibendum duia nec vehicula mauris placerat sit amet. Maecenas ligula duia congue vel arcu eua commodo convallis massa. Vivamus vitae nisl fringillaa fermentum tellus eua elementum orci. Sed tristique sem sed nunc vestibuluma ac tincidunt mi bibendum.Donec varius varius risus in dignissim. Aliquam urna ipsuma lobortis at hendrerit neca mollis ut enim. Mauris nisl lorema mollis sed elementum nona tincidunt sed sapien. Sed imperdiet nunc sed mi sagittisa id vulputate eros vulputate. Aliquam suscipit erat ut tempus finibus. Nulla facilisi. Nullam finibusa nunc eu suscipit ultricesa eros purus pharetra lorema eu suscipit nisi dui quis erat. Maecenas semper sit amet nisl nec laoreet. Integer enim massaa mattis id leo neca tincidunt commodo dolor. Cras tempor quam eget euismod blandit. Mauris vel dolor a tortor scelerisque dictum. Duis suscipit orci eget orci viverra egestas. Curabitur quis venenatis nisl. Nulla turpis duia viverra nec ipsum seda imperdiet sodales mi.
F100027,2021-06-23,Amar Zahin,+91 7191320278,560030,Suspendisse tristique sit amet augue nec iaculis. In vitae orci nisl. Maecenas in dui efficitura fringilla risus consequata placerat turpis. In non erat libero. Pellentesque commodo felis sit amet vestibulum scelerisque. Fusce ultricies arcu at erat conguea id feugiat sem mollis. In hac habitasse platea dictumst. Fusce id iaculis erata ac venenatis tortor. Donec a porta leo. Vivamus semper euismod nulla quis efficitur. Duis scelerisque tempor nisl.Nulla ligula lectusa dignissim vitae ornare eta efficitur id arcu. Praesent pellentesque erat nec risus blandit varius. Nam condimentum pharetra tellusa vitae bibendum lacus. Vestibulum ullamcorper purus at dictum sollicitudin. Suspendisse diam lorema dignissim condimentum finibus interduma accumsan sodales augue. Class aptent taciti sociosqu ad litora torquent per conubia nostraa per inceptos himenaeos. Curabitur tempor risus vel diam egestasa vitae facilisis elit eleifend. Aliquam id ornare leoa ut bibendum arcu.Cras tincidunt quam vitae ipsum posuerea sit amet interdum nunc accumsan. Nunc dictum varius ex nec laoreet. Aliquam tincidunt lorem in tellus rutrum congue. Quisque id dignissim ipsum. Nam malesuada est ipsuma ac dignissim leo accumsan sed. Pellentesque sodales rhoncus ullamcorper. Sed ultricies congue arcu ac laoreet. Donec aliqueta justo vel rutrum efficitura sem tortor egestas elita ut lobortis felis nulla et mi. Nunc quis egestas purus. Quisque pulvinar venenatis massa nec rhoncus. Quisque suscipit mi justoa a facilisis ligula tempor in. Cras nec felis vitae augue tincidunt placerat nec eget neque. Aenean convallis risus vel nisl maximusa sed ornare risus egestas.Proin at pellentesque purusa sit amet ultrices ante. Mauris accumsan libero sit amet orci rutruma vel tincidunt lorem lobortis. Nullam tincidunt interdum feugiat. Quisque finibus purus lectusa in varius ligula dignissim non. Proin posuere velit erosa at consequat metus molestie eget. Ut ornarea dui vitae sagittis facilisisa neque ipsum aliquam duia sed dapibus dolor est in mi. Cras molestie nisl vel urna vulputatea in pretium leo consectetur. Pellentesque porta eros sit amet est dapibus feugiat. Suspendisse tristique orci et sem laoreet lobortis. Nunc ut odio quis ligula ultrices scelerisque in sed nunc. Proin ut quam et metus semper rutrum. Maecenas accumsan nisi sapiena imperdiet lacinia dui interdum porta. Cras elementum dapibus lacus. Maecenas convallis blandit aliquam.In dolor lorema pellentesque porta fringilla quisa eleifend vel risus. Fusce sodales ligula ut leo maximusa quis porta neque pellentesque. Donec pellentesque massa et risus mattisa nec tincidunt est pretium. Sed est mia vestibulum in neque ida porttitor fringilla lacus. Integer iaculis tincidunt quam. Aliquam leo nibha mollis in ligula ata eleifend ornare eros. Mauris eleifend vestibulum diam. Nam tempor metus consectetur est volutpat faucibus. Aenean tempus tristique ligula. Mauris elit orcia eleifend et aliquet vitaea fermentum sed mi. Sed vel tortor ante.
F100028,2021-08-18,Adityavardhana Rangaraja,+91 7217220244,560002,Morbi orci dolora fermentum ac lectus egestasa dapibus efficitur velit. Mauris in tortor bibenduma tempus mi egeta faucibus sapien. Sed non odio imperdieta condimentum mi aca finibus leo. Vestibulum mi nisla scelerisque non luctus egeta blandit id lectus. Interdum et malesuada fames ac ante ipsum primis in faucibus. Curabitur ultrices vulputate nulla. Pellentesque mollis sollicitudin sagittis. Maecenas pretium enim ipsuma ut accumsan erat luctus sit amet. Mauris ex enima scelerisque a suscipit placerata vulputate vestibulum sem. Donec cursusa mi non feugiat placerata sem leo tempus nisla et pharetra metus mi vitae lacus. Nullam non enim vel libero pulvinar viverra. Aenean in condimentum quama vel pharetra nibh. Proin lobortis eros vel risus eleifend eleifend. Fusce sed sollicitudin lorema sollicitudin egestas diam. Fusce blandit congue justoa sit amet mollis ex ultrices in. Integer augue risusa ornare placerat lacus ata volutpat bibendum mauris.Sed tincidunt eros eu ipsum accumsana eu molestie nulla vulputate. Cras semper aliquet ipsuma ut dignissim arcu rutrum non. Curabitur venenatis elit vitae suscipit sagittis. Etiam luctus tortor sit amet aliquam mollis. In faucibus diam quis mi pellentesquea eget auctor dui tincidunt. Duis pharetra non risus quis sollicitudin. Quisque id lobortis lectus. Vestibulum luctusa tellus id dictum posuerea libero lorem iaculis esta ut eleifend leo odio sit amet nunc. Donec sapien nequea rutrum ut nisl vitaea hendrerit tempus purus. Pellentesque consectetur ex nullaa in euismod libero varius id. Fusce sodales hendrerit maximus. Proin nec blandit risus. Duis tristique vulputate nisl. Nunc placerata arcu a eleifend molestiea ante nibh interdum mia vel imperdiet massa ante nec leo. Aliquam erat volutpat.Nulla facilisi. Ut mattis tincidunt turpisa nec ullamcorper metus. Interdum et malesuada fames ac ante ipsum primis in faucibus. Nunc porta tortor eget risus portaa et egestas erat sodales. Suspendisse mattis sit amet odio vel tempor. Etiam purus orcia finibus eu egestas neca pretium et lacus. Nulla convallis nec odio ut ullamcorper. Cras et imperdiet lorem. Donec ac ex justo. Sed a nunc tortor.Donec quis nisl et risus fermentum tincidunt. Phasellus interdum nisl lacusa a pharetra eros efficitur eu. Morbi malesuada dolor ipsuma sit amet rutrum magna fermentum a. Nullam congue suscipit ipsuma at egestas ipsum ornare in. Aliquam eu diam vel ex egestas lacinia. Nam eget fringilla justoa non dignissim ligula. Morbi dictum bibendum duia nec vehicula mauris placerat sit amet. Maecenas ligula duia congue vel arcu eua commodo convallis massa. Vivamus vitae nisl fringillaa fermentum tellus eua elementum orci. Sed tristique sem sed nunc vestibuluma ac tincidunt mi bibendum.Donec varius varius risus in dignissim. Aliquam urna ipsuma lobortis at hendrerit neca mollis ut enim. Mauris nisl lorema mollis sed elementum nona tincidunt sed sapien. Sed imperdiet nunc sed mi sagittisa id vulputate eros vulputate. Aliquam suscipit erat ut tempus finibus. Nulla facilisi. Nullam finibusa nunc eu suscipit ultricesa eros purus pharetra lorema eu suscipit nisi dui quis erat. Maecenas semper sit amet nisl nec laoreet. Integer enim massaa mattis id leo neca tincidunt commodo dolor. Cras tempor quam eget euismod blandit. Mauris vel dolor a tortor scelerisque dictum. Duis suscipit orci eget orci viverra egestas. Curabitur quis venenatis nisl. Nulla turpis duia viverra nec ipsum seda imperdiet sodales mi.
F100029,2021-01-17,Abhinanda Perumbeti,+91 6127925808,560030,Nulla laoreet libero purusa ut vestibulum ligula laoreet id. Vivamus id venenatis orci. Curabitur et erat id massa volutpat venenatis vitae sed leo. Integer pretium sed metus in egestas. Lorem ipsum dolor sit ameta consectetur adipiscing elit. Pellentesque magna ligulaa gravida id libero eta convallis mattis leo. Nullam sed pharetra sapien. Fusce mollisa nisi vitae venenatis gravidaa nulla arcu egestas nullaa eget ornare est neque nec sem. Nulla orci ligulaa consequat ac accumsan ata rutrum sed nisi. Integer eget eros porttitora ornare odio eta efficitur metus. Integer dapibus risus eget molestie luctus. Nullam elit velita ornare eu tempus eua scelerisque vitae justo. Aenean fringilla eleifend antea a porttitor quam sodales in. In velit mia sodales a consectetur ina fermentum at turpis. Pellentesque maximus faucibus malesuada. Nulla consectetur nulla eget ante semper congue.Pellentesque aliquet tincidunt elit et ultricies. Donec vitae mi dignissima varius mi ina porttitor enim. Vivamus condimentum porttitor ante vitae varius. Etiam ultrices urna non purus tempor mattis. Mauris vestibulum vitae neque ut molestie. Cras eget fermentum enim. Suspendisse condimentum quam id enim convallis interdum. Fusce tincidunt pulvinar consectetur. Pellentesque porta mi non risus aliquet egestas. Vestibulum sodalesa nisl vitae luctus condimentuma lorem velit ornare sema ac ultricies velit enim faucibus elit. Suspendisse ut finibus ipsum. Nulla at blandit turpis. Vivamus ut rutrum ipsum. Ut sollicitudin non turpis ac varius.Vestibulum ante ipsum primis in faucibus orci luctus et ultrices posuere cubilia curae; In vestibulum nisl erosa nec iaculis nisi maximus sit amet. Etiam pulvinar a leo porta venenatis. Phasellus efficitur molestie venenatis. Cras sed ultricies libero. Duis nec convallis purusa eu rhoncus erat. Pellentesque sit amet sem sed nisi posuere pretium a nec ipsum. Integer eget dictum purusa vitae scelerisque mi. In nec ligula fringillaa hendrerit mauris aca interdum erat. Nam venenatis viverra dictum. Aenean eget est suscipita dictum urna uta ornare erat.Proin erat felisa fermentum lobortis tempor ina sollicitudin non eros. Praesent fermentum odio non justo fermentum fringilla ut in sem. Sed non lectus non dolor rhoncus cursus in at massa. Aliquam eget posuere nunca eget venenatis risus. Morbi blandita nibh sed luctus malesuadaa nisl eros imperdiet odioa vitae convallis mauris tortor et elit. Duis ex diama maximus nec commodo sit ameta varius sit amet magna. Sed vitae lectus non nisl fermentum bibendum. Donec vitae nibh eu arcu finibus mollis ac in tellus. Ut eu velit laoreeta scelerisque lacus sit ameta aliquet nibh. Nullam mauris diama rhoncus in nisi seda vehicula malesuada dui. Nullam varius ligula sed scelerisque elementum. Proin convallis est ac cursus tempor. Duis nec congue risus. Donec at tempus enim. Suspendisse pellentesque arcu quis quam eleifenda vitae malesuada dui pretium.Cras a felis velit. Sed feugiat pharetra rhoncus. Sed in dui vitae leo convallis pharetra at eu justo. Phasellus ultricies ultrices quama quis molestie sem vulputate ac. Pellentesque non tellus vel nisi pharetra tincidunt eget at lectus. Duis dapibus urna et varius egestas. Mauris rutruma odio in luctus gravidaa tortor purus lacinia velita quis rutrum nulla sem at turpis. Vestibulum nec ante tristiquea elementum nisl egeta posuere odio. Nulla vel lobortis tellusa eu blandit augue. In pulvinar sit amet sapien non congue. Cras ut massa bibenduma commodo diam sit ameta eleifend justo.
F100030,2021-12-30,Manjunath Reddy,+91 6127965279,560002,Suspendisse tristique sit amet augue nec iaculis. In vitae orci nisl. Maecenas in dui efficitura fringilla risus consequata placerat turpis. In non erat libero. Pellentesque commodo felis sit amet vestibulum scelerisque. Fusce ultricies arcu at erat conguea id feugiat sem mollis. In hac habitasse platea dictumst. Fusce id iaculis erata ac venenatis tortor. Donec a porta leo. Vivamus semper euismod nulla quis efficitur. Duis scelerisque tempor nisl.Nulla ligula lectusa dignissim vitae ornare eta efficitur id arcu. Praesent pellentesque erat nec risus blandit varius. Nam condimentum pharetra tellusa vitae bibendum lacus. Vestibulum ullamcorper purus at dictum sollicitudin. Suspendisse diam lorema dignissim condimentum finibus interduma accumsan sodales augue. Class aptent taciti sociosqu ad litora torquent per conubia nostraa per inceptos himenaeos. Curabitur tempor risus vel diam egestasa vitae facilisis elit eleifend. Aliquam id ornare leoa ut bibendum arcu.Cras tincidunt quam vitae ipsum posuerea sit amet interdum nunc accumsan. Nunc dictum varius ex nec laoreet. Aliquam tincidunt lorem in tellus rutrum congue. Quisque id dignissim ipsum. Nam malesuada est ipsuma ac dignissim leo accumsan sed. Pellentesque sodales rhoncus ullamcorper. Sed ultricies congue arcu ac laoreet. Donec aliqueta justo vel rutrum efficitura sem tortor egestas elita ut lobortis felis nulla et mi. Nunc quis egestas purus. Quisque pulvinar venenatis massa nec rhoncus. Quisque suscipit mi justoa a facilisis ligula tempor in. Cras nec felis vitae augue tincidunt placerat nec eget neque. Aenean convallis risus vel nisl maximusa sed ornare risus egestas.Proin at pellentesque purusa sit amet ultrices ante. Mauris accumsan libero sit amet orci rutruma vel tincidunt lorem lobortis. Nullam tincidunt interdum feugiat. Quisque finibus purus lectusa in varius ligula dignissim non. Proin posuere velit erosa at consequat metus molestie eget. Ut ornarea dui vitae sagittis facilisisa neque ipsum aliquam duia sed dapibus dolor est in mi. Cras molestie nisl vel urna vulputatea in pretium leo consectetur. Pellentesque porta eros sit amet est dapibus feugiat. Suspendisse tristique orci et sem laoreet lobortis. Nunc ut odio quis ligula ultrices scelerisque in sed nunc. Proin ut quam et metus semper rutrum. Maecenas accumsan nisi sapiena imperdiet lacinia dui interdum porta. Cras elementum dapibus lacus. Maecenas convallis blandit aliquam.In dolor lorema pellentesque porta fringilla quisa eleifend vel risus. Fusce sodales ligula ut leo maximusa quis porta neque pellentesque. Donec pellentesque massa et risus mattisa nec tincidunt est pretium. Sed est mia vestibulum in neque ida porttitor fringilla lacus. Integer iaculis tincidunt quam. Aliquam leo nibha mollis in ligula ata eleifend ornare eros. Mauris eleifend vestibulum diam. Nam tempor metus consectetur est volutpat faucibus. Aenean tempus tristique ligula. Mauris elit orcia eleifend et aliquet vitaea fermentum sed mi. Sed vel tortor ante.